﻿<?xml version="1.0" encoding="utf-8"?>
<helpItems schema="maml" xmlns="http://msh">
  <command:command xmlns:maml="http://schemas.microsoft.com/maml/2004/10" xmlns:command="http://schemas.microsoft.com/maml/dev/command/2004/10" xmlns:dev="http://schemas.microsoft.com/maml/dev/2004/10" xmlns:MSHelp="http://msdn.microsoft.com/mshelp">
    <command:details>
      <command:name>Add-Spn</command:name>
      <command:verb>Add</command:verb>
      <command:noun>Spn</command:noun>
      <maml:description>
        <maml:para>Adds a Service Principal Name to an account</maml:para>
      </maml:description>
    </command:details>
    <maml:description>
      <maml:para>To add an SPN, use the setspn -s service/name hostname command at a command prompt, where service/name is the SPN that you want to add and hostname is the actual host name of the computer object that you want to update.</maml:para>
      <maml:para>For example, if there is an Active Directory domain controller with the host name server1.contoso.com that requires an SPN for the Lightweight Directory Access Protocol (LDAP), type setspn -s ldap/server1.contoso.com server1, and then press ENTER to add the SPN.</maml:para>
    </maml:description>
    <command:syntax>
      <command:syntaxItem>
        <maml:name>Add-Spn</maml:name>
        <command:parameter required="false" variableLength="true" globbing="false" pipelineInput="False" position="1" aliases="none">
          <maml:name>Service</maml:name>
          <maml:description>
            <maml:para>The name of the service to add</maml:para>
          </maml:description>
          <command:parameterValue required="true" variableLength="false">System.String</command:parameterValue>
          <dev:type>
            <maml:name>System.String</maml:name>
            <maml:uri />
          </dev:type>
          <dev:defaultValue>None</dev:defaultValue>
        </command:parameter>
        <command:parameter required="false" variableLength="true" globbing="false" pipelineInput="False" position="2" aliases="none">
          <maml:name>Name</maml:name>
          <maml:description>
            <maml:para>The name that will be associated with this service on this account</maml:para>
          </maml:description>
          <command:parameterValue required="true" variableLength="false">System.String</command:parameterValue>
          <dev:type>
            <maml:name>System.String</maml:name>
            <maml:uri />
          </dev:type>
          <dev:defaultValue>None</dev:defaultValue>
        </command:parameter>
        <command:parameter required="false" variableLength="true" globbing="false" pipelineInput="False" position="3" aliases="none">
          <maml:name>AccountName</maml:name>
          <maml:description>
            <maml:para>The actual hostname of the computer object that you want to update, if blank we default to the value of parameter Namem.</maml:para>
          </maml:description>
          <command:parameterValue required="true" variableLength="false">System.String</command:parameterValue>
          <dev:type>
            <maml:name>System.String</maml:name>
            <maml:uri />
          </dev:type>
          <dev:defaultValue>$Name</dev:defaultValue>
        </command:parameter>
        <command:parameter required="false" variableLength="true" globbing="false" pipelineInput="False" position="named" aliases="none">
          <maml:name>ForestWide</maml:name>
          <maml:description>
            <maml:para>A switch to check for duplicate SPN's across the entire forest</maml:para>
          </maml:description>
          <dev:type>
            <maml:name>System.Management.Automation.SwitchParameter</maml:name>
            <maml:uri />
          </dev:type>
          <dev:defaultValue>False</dev:defaultValue>
        </command:parameter>
        <command:parameter required="false" variableLength="true" globbing="false" pipelineInput="False" position="named" aliases="none">
          <maml:name>NoDupes</maml:name>
          <maml:description>
            <maml:para>Checks the domain for duplicate SPN's</maml:para>
          </maml:description>
          <dev:type>
            <maml:name>System.Management.Automation.SwitchParameter</maml:name>
            <maml:uri />
          </dev:type>
          <dev:defaultValue>False</dev:defaultValue>
        </command:parameter>
        <command:parameter required="false" variableLength="true" globbing="false" pipelineInput="False" position="named" aliases="none">
          <maml:name>UserAccount</maml:name>
          <maml:description>
            <maml:para>A switch to add SPN's to a user object</maml:para>
          </maml:description>
          <dev:type>
            <maml:name>System.Management.Automation.SwitchParameter</maml:name>
            <maml:uri />
          </dev:type>
          <dev:defaultValue>False</dev:defaultValue>
        </command:parameter>
      </command:syntaxItem>
    </command:syntax>
    <command:parameters>
      <command:parameter required="false" variableLength="true" globbing="false" pipelineInput="False" position="3" aliases="none">
        <maml:name>AccountName</maml:name>
        <maml:description>
          <maml:para>The actual hostname of the computer object that you want to update, if blank we default to the value of parameter Namem.</maml:para>
        </maml:description>
        <command:parameterValue required="true" variableLength="false">System.String</command:parameterValue>
        <dev:type>
          <maml:name>System.String</maml:name>
          <maml:uri />
        </dev:type>
        <dev:defaultValue>$Name</dev:defaultValue>
      </command:parameter>
      <command:parameter required="false" variableLength="true" globbing="false" pipelineInput="False" position="named" aliases="none">
        <maml:name>ForestWide</maml:name>
        <maml:description>
          <maml:para>A switch to check for duplicate SPN's across the entire forest</maml:para>
        </maml:description>
        <command:parameterValue required="true" variableLength="false">System.Management.Automation.SwitchParameter</command:parameterValue>
        <dev:type>
          <maml:name>System.Management.Automation.SwitchParameter</maml:name>
          <maml:uri />
        </dev:type>
        <dev:defaultValue>False</dev:defaultValue>
      </command:parameter>
      <command:parameter required="false" variableLength="true" globbing="false" pipelineInput="False" position="2" aliases="none">
        <maml:name>Name</maml:name>
        <maml:description>
          <maml:para>The name that will be associated with this service on this account</maml:para>
        </maml:description>
        <command:parameterValue required="true" variableLength="false">System.String</command:parameterValue>
        <dev:type>
          <maml:name>System.String</maml:name>
          <maml:uri />
        </dev:type>
        <dev:defaultValue>None</dev:defaultValue>
      </command:parameter>
      <command:parameter required="false" variableLength="true" globbing="false" pipelineInput="False" position="named" aliases="none">
        <maml:name>NoDupes</maml:name>
        <maml:description>
          <maml:para>Checks the domain for duplicate SPN's</maml:para>
        </maml:description>
        <command:parameterValue required="true" variableLength="false">System.Management.Automation.SwitchParameter</command:parameterValue>
        <dev:type>
          <maml:name>System.Management.Automation.SwitchParameter</maml:name>
          <maml:uri />
        </dev:type>
        <dev:defaultValue>False</dev:defaultValue>
      </command:parameter>
      <command:parameter required="false" variableLength="true" globbing="false" pipelineInput="False" position="1" aliases="none">
        <maml:name>Service</maml:name>
        <maml:description>
          <maml:para>The name of the service to add</maml:para>
        </maml:description>
        <command:parameterValue required="true" variableLength="false">System.String</command:parameterValue>
        <dev:type>
          <maml:name>System.String</maml:name>
          <maml:uri />
        </dev:type>
        <dev:defaultValue>None</dev:defaultValue>
      </command:parameter>
      <command:parameter required="false" variableLength="true" globbing="false" pipelineInput="False" position="named" aliases="none">
        <maml:name>UserAccount</maml:name>
        <maml:description>
          <maml:para>A switch to add SPN's to a user object</maml:para>
        </maml:description>
        <command:parameterValue required="true" variableLength="false">System.Management.Automation.SwitchParameter</command:parameterValue>
        <dev:type>
          <maml:name>System.Management.Automation.SwitchParameter</maml:name>
          <maml:uri />
        </dev:type>
        <dev:defaultValue>False</dev:defaultValue>
      </command:parameter>
    </command:parameters>
    <command:inputTypes />
    <command:returnValues />
    <maml:alertSet>
      <maml:alert>
        <maml:para>FunctionName : Add-Spn Created by   : jspatton Date Coded   : 07/10/2013 15:07:12</maml:para>
      </maml:alert>
    </maml:alertSet>
    <command:examples>
      <command:example>
        <maml:title>-------------------------- EXAMPLE 1 --------------------------</maml:title>
        <dev:code>Add-Spn -Service foo -Name server-01

Service           Name                  Hostname  SPN
-------           ----                  --------  ---
foo               server-01             server-01 foo/server-01
HOST              server-01             server-01 HOST/server-01
CmRcService       server-01.company.com server-01 CmRcService/server-01.company.com
CmRcService       server-01             server-01 CmRcService/server-01
TERMSRV           server-01             server-01 TERMSRV/server-01
TERMSRV           server-01.company.com server-01 TERMSRV/server-01.company.com
WSMAN             server-01             server-01 WSMAN/server-01
WSMAN             server-01.company.com server-01 WSMAN/server-01.company.com
RestrictedKrbHost server-01             server-01 RestrictedKrbHost/server-01
RestrictedKrbHost server-01.company.com server-01 RestrictedKrbHost/server-01.company.com
HOST              server-01.company.com server-01 HOST/server-01.company.com</dev:code>
        <dev:remarks>
          <maml:para>This example shows how to add an spn to an account</maml:para>
        </dev:remarks>
      </command:example>
      <command:example>
        <maml:title>-------------------------- EXAMPLE 2 --------------------------</maml:title>
        <dev:code>Add-Spn -Service bar -Name server-01 -NoDupes

Service           Name                  Hostname  SPN
-------           ----                  --------  ---
bar               server-01             server-01 bar/server-01
HOST              server-01.company.com server-01 HOST/server-01.company.com
RestrictedKrbHost server-01.company.com server-01 RestrictedKrbHost/server-01.company.com
RestrictedKrbHost server-01             server-01 RestrictedKrbHost/server-01
WSMAN             server-01.company.com server-01 WSMAN/server-01.company.com
WSMAN             server-01             server-01 WSMAN/server-01
TERMSRV           server-01.company.com server-01 TERMSRV/server-01.company.com
TERMSRV           server-01             server-01 TERMSRV/server-01
CmRcService       server-01             server-01 CmRcService/server-01
CmRcService       server-01.company.com server-01 CmRcService/server-01.company.com
HOST              server-01             server-01 HOST/server-01
foo               server-01             server-01 foo/server-01</dev:code>
        <dev:remarks>
          <maml:para>This example shows how to add an spn to an account while making sure it's unique within the domain. Add the -ForestWide switch to check across all domains in the forest.</maml:para>
        </dev:remarks>
      </command:example>
    </command:examples>
    <command:relatedLinks>
      <maml:navigationLink>
        <maml:linkText>Online Version:</maml:linkText>
        <maml:uri>https://github.com/mod-posh/SpnLibrary/blob/main/docs/Add-Spn.md#add-spn</maml:uri>
      </maml:navigationLink>
      <maml:navigationLink>
        <maml:linkText>https://code.google.com/p/mod-posh/wiki/SpnLibrary#Add-Spn</maml:linkText>
        <maml:uri>https://code.google.com/p/mod-posh/wiki/SpnLibrary#Add-Spn</maml:uri>
      </maml:navigationLink>
      <maml:navigationLink>
        <maml:linkText>http://technet.microsoft.com/en-us/library/cc731241(WS.10).aspx</maml:linkText>
        <maml:uri>http://technet.microsoft.com/en-us/library/cc731241(WS.10).aspx</maml:uri>
      </maml:navigationLink>
    </command:relatedLinks>
  </command:command>
  <command:command xmlns:maml="http://schemas.microsoft.com/maml/2004/10" xmlns:command="http://schemas.microsoft.com/maml/dev/command/2004/10" xmlns:dev="http://schemas.microsoft.com/maml/dev/2004/10" xmlns:MSHelp="http://msdn.microsoft.com/mshelp">
    <command:details>
      <command:name>Find-DuplicateSpn</command:name>
      <command:verb>Find</command:verb>
      <command:noun>DuplicateSpn</command:noun>
      <maml:description>
        <maml:para>Find duplicate Service Principal Names across the Domain or Forest</maml:para>
      </maml:description>
    </command:details>
    <maml:description>
      <maml:para>To find a list of duplicate SPNs that have been registered with Active Directory from a command prompt, use the setspn -X -P command, where hostname is the actual host name of the computer object that you want to query.</maml:para>
    </maml:description>
    <command:syntax>
      <command:syntaxItem>
        <maml:name>Find-DuplicateSpn</maml:name>
        <command:parameter required="false" variableLength="true" globbing="false" pipelineInput="False" position="named" aliases="none">
          <maml:name>ForestWide</maml:name>
          <maml:description>
            <maml:para>A switch that if present searches the entire forest for duplicates</maml:para>
          </maml:description>
          <dev:type>
            <maml:name>System.Management.Automation.SwitchParameter</maml:name>
            <maml:uri />
          </dev:type>
          <dev:defaultValue>False</dev:defaultValue>
        </command:parameter>
      </command:syntaxItem>
    </command:syntax>
    <command:parameters>
      <command:parameter required="false" variableLength="true" globbing="false" pipelineInput="False" position="named" aliases="none">
        <maml:name>ForestWide</maml:name>
        <maml:description>
          <maml:para>A switch that if present searches the entire forest for duplicates</maml:para>
        </maml:description>
        <command:parameterValue required="true" variableLength="false">System.Management.Automation.SwitchParameter</command:parameterValue>
        <dev:type>
          <maml:name>System.Management.Automation.SwitchParameter</maml:name>
          <maml:uri />
        </dev:type>
        <dev:defaultValue>False</dev:defaultValue>
      </command:parameter>
    </command:parameters>
    <command:inputTypes />
    <command:returnValues />
    <maml:alertSet>
      <maml:alert>
        <maml:para>FunctionName : Find-DuplicateSpn Created by   : jspatton Date Coded   : 07/10/2013 15:53:46</maml:para>
        <maml:para>Searching for duplicates, especially forest-wide, can take a long period of time and a large amount of memory.</maml:para>
        <maml:para>Service Principal Names (SPNs) are not required to be unique across forests, but duplicate SPNs can cause authentication issues during cross-forest authentication.</maml:para>
      </maml:alert>
    </maml:alertSet>
    <command:examples>
      <command:example>
        <maml:title>-------------------------- EXAMPLE 1 --------------------------</maml:title>
        <dev:code>Find-DuplicateSpn
Checking domain DC=company,DC=com

found 0 group of duplicate SPNs.</dev:code>
        <dev:remarks>
          <maml:para>This example searches for duplicate SPNs in the current domain</maml:para>
        </dev:remarks>
      </command:example>
      <command:example>
        <maml:title>-------------------------- EXAMPLE 2 --------------------------</maml:title>
        <dev:code>Find-DuplicateSpn -ForestWide
Checking forest DC=company,DC=com
Operation will be performed forestwide, it might take a while.

found 0 group of duplicate SPNs.</dev:code>
        <dev:remarks>
          <maml:para>This example searches for duplicate SPNs across the entire forest</maml:para>
        </dev:remarks>
      </command:example>
    </command:examples>
    <command:relatedLinks>
      <maml:navigationLink>
        <maml:linkText>Online Version:</maml:linkText>
        <maml:uri>https://github.com/mod-posh/SpnLibrary/blob/main/docs/Find-DuplicateSpn.md#find-duplicatespn</maml:uri>
      </maml:navigationLink>
      <maml:navigationLink>
        <maml:linkText>https://code.google.com/p/mod-posh/wiki/SpnLibrary#Find-DuplicateSpn</maml:linkText>
        <maml:uri>https://code.google.com/p/mod-posh/wiki/SpnLibrary#Find-DuplicateSpn</maml:uri>
      </maml:navigationLink>
      <maml:navigationLink>
        <maml:linkText>http://technet.microsoft.com/en-us/library/cc731241(WS.10).aspx</maml:linkText>
        <maml:uri>http://technet.microsoft.com/en-us/library/cc731241(WS.10).aspx</maml:uri>
      </maml:navigationLink>
    </command:relatedLinks>
  </command:command>
  <command:command xmlns:maml="http://schemas.microsoft.com/maml/2004/10" xmlns:command="http://schemas.microsoft.com/maml/dev/command/2004/10" xmlns:dev="http://schemas.microsoft.com/maml/dev/2004/10" xmlns:MSHelp="http://msdn.microsoft.com/mshelp">
    <command:details>
      <command:name>Find-Spn</command:name>
      <command:verb>Find</command:verb>
      <command:noun>Spn</command:noun>
      <maml:description>
        <maml:para>Find all occurrences of a given service and or name</maml:para>
      </maml:description>
    </command:details>
    <maml:description>
      <maml:para>To find a list of the SPNs that a computer has registered with Active Directory from a command prompt, use the setspn -Q hostname command, where hostname is the actual host name of the computer object that you want to query.</maml:para>
      <maml:para>For example, to list the SPNs of a computer named WS2003A, at the command prompt, type setspn -Q WS2003A, and then press ENTER.</maml:para>
    </maml:description>
    <command:syntax>
      <command:syntaxItem>
        <maml:name>Find-Spn</maml:name>
        <command:parameter required="false" variableLength="true" globbing="false" pipelineInput="False" position="1" aliases="none">
          <maml:name>Service</maml:name>
          <maml:description>
            <maml:para>The name of the service to find</maml:para>
          </maml:description>
          <command:parameterValue required="true" variableLength="false">System.String</command:parameterValue>
          <dev:type>
            <maml:name>System.String</maml:name>
            <maml:uri />
          </dev:type>
          <dev:defaultValue>None</dev:defaultValue>
        </command:parameter>
        <command:parameter required="false" variableLength="true" globbing="false" pipelineInput="False" position="2" aliases="none">
          <maml:name>Name</maml:name>
          <maml:description>
            <maml:para>The name that will be associated with this service on this account</maml:para>
          </maml:description>
          <command:parameterValue required="true" variableLength="false">System.String</command:parameterValue>
          <dev:type>
            <maml:name>System.String</maml:name>
            <maml:uri />
          </dev:type>
          <dev:defaultValue>None</dev:defaultValue>
        </command:parameter>
        <command:parameter required="false" variableLength="true" globbing="false" pipelineInput="False" position="named" aliases="none">
          <maml:name>ForestWide</maml:name>
          <maml:description>
            <maml:para>A switch to check for duplicate SPN's across the entire forest</maml:para>
          </maml:description>
          <dev:type>
            <maml:name>System.Management.Automation.SwitchParameter</maml:name>
            <maml:uri />
          </dev:type>
          <dev:defaultValue>False</dev:defaultValue>
        </command:parameter>
      </command:syntaxItem>
    </command:syntax>
    <command:parameters>
      <command:parameter required="false" variableLength="true" globbing="false" pipelineInput="False" position="named" aliases="none">
        <maml:name>ForestWide</maml:name>
        <maml:description>
          <maml:para>A switch to check for duplicate SPN's across the entire forest</maml:para>
        </maml:description>
        <command:parameterValue required="true" variableLength="false">System.Management.Automation.SwitchParameter</command:parameterValue>
        <dev:type>
          <maml:name>System.Management.Automation.SwitchParameter</maml:name>
          <maml:uri />
        </dev:type>
        <dev:defaultValue>False</dev:defaultValue>
      </command:parameter>
      <command:parameter required="false" variableLength="true" globbing="false" pipelineInput="False" position="2" aliases="none">
        <maml:name>Name</maml:name>
        <maml:description>
          <maml:para>The name that will be associated with this service on this account</maml:para>
        </maml:description>
        <command:parameterValue required="true" variableLength="false">System.String</command:parameterValue>
        <dev:type>
          <maml:name>System.String</maml:name>
          <maml:uri />
        </dev:type>
        <dev:defaultValue>None</dev:defaultValue>
      </command:parameter>
      <command:parameter required="false" variableLength="true" globbing="false" pipelineInput="False" position="1" aliases="none">
        <maml:name>Service</maml:name>
        <maml:description>
          <maml:para>The name of the service to find</maml:para>
        </maml:description>
        <command:parameterValue required="true" variableLength="false">System.String</command:parameterValue>
        <dev:type>
          <maml:name>System.String</maml:name>
          <maml:uri />
        </dev:type>
        <dev:defaultValue>None</dev:defaultValue>
      </command:parameter>
    </command:parameters>
    <command:inputTypes />
    <command:returnValues />
    <maml:alertSet>
      <maml:alert>
        <maml:para>FunctionName : Find-Spn Created by   : jspatton Date Coded   : 07/10/2013 15:07:12</maml:para>
      </maml:alert>
    </maml:alertSet>
    <command:examples>
      <command:example>
        <maml:title>-------------------------- EXAMPLE 1 --------------------------</maml:title>
        <dev:code>Find-Spn -Service goo

Service           Name                  Hostname   SPN
-------           ----                  --------   ---
goo               server-01             server-01$ goo/server-01
HOST              server-01             server-01$ HOST/server-01
HOST              server-01.company.com server-01$ HOST/server-01.company.com
RestrictedKrbHost server-01.company.com server-01$ RestrictedKrbHost/server-01.company.com
RestrictedKrbHost server-01             server-01$ RestrictedKrbHost/server-01
WSMAN             server-01.company.com server-01$ WSMAN/server-01.company.com
WSMAN             server-01             server-01$ WSMAN/server-01
TERMSRV           server-01.company.com server-01$ TERMSRV/server-01.company.com
TERMSRV           server-01             server-01$ TERMSRV/server-01
CmRcService       server-01             server-01$ CmRcService/server-01
CmRcService       server-01.company.com server-01$ CmRcService/server-01.company.com</dev:code>
        <dev:remarks>
          <maml:para>Find all occurrences of the given service</maml:para>
        </dev:remarks>
      </command:example>
      <command:example>
        <maml:title>-------------------------- EXAMPLE 2 --------------------------</maml:title>
        <dev:code>Find-Spn -Name server-01

Service           Name                  Hostname   SPN
-------           ----                  --------   ---
goo               server-01             server-01$ goo/server-01
HOST              server-01             server-01$ HOST/server-01
HOST              server-01.company.com server-01$ HOST/server-01.company.com
RestrictedKrbHost server-01.company.com server-01$ RestrictedKrbHost/server-01.company.com
RestrictedKrbHost server-01             server-01$ RestrictedKrbHost/server-01
WSMAN             server-01.company.com server-01$ WSMAN/server-01.company.com
WSMAN             server-01             server-01$ WSMAN/server-01
TERMSRV           server-01.company.com server-01$ TERMSRV/server-01.company.com
TERMSRV           server-01             server-01$ TERMSRV/server-01
CmRcService       server-01             server-01$ CmRcService/server-01
CmRcService       server-01.company.com server-01$ CmRcService/server-01.company.com</dev:code>
        <dev:remarks>
          <maml:para>Find all occurrences of the given name</maml:para>
        </dev:remarks>
      </command:example>
    </command:examples>
    <command:relatedLinks>
      <maml:navigationLink>
        <maml:linkText>Online Version:</maml:linkText>
        <maml:uri>https://github.com/mod-posh/SpnLibrary/blob/main/docs/Find-Spn.md#find-spn</maml:uri>
      </maml:navigationLink>
      <maml:navigationLink>
        <maml:linkText>https://code.google.com/p/mod-posh/wiki/SpnLibrary#Find-Spn</maml:linkText>
        <maml:uri>https://code.google.com/p/mod-posh/wiki/SpnLibrary#Find-Spn</maml:uri>
      </maml:navigationLink>
      <maml:navigationLink>
        <maml:linkText>http://technet.microsoft.com/en-us/library/cc731241(WS.10).aspx</maml:linkText>
        <maml:uri>http://technet.microsoft.com/en-us/library/cc731241(WS.10).aspx</maml:uri>
      </maml:navigationLink>
    </command:relatedLinks>
  </command:command>
  <command:command xmlns:maml="http://schemas.microsoft.com/maml/2004/10" xmlns:command="http://schemas.microsoft.com/maml/dev/command/2004/10" xmlns:dev="http://schemas.microsoft.com/maml/dev/2004/10" xmlns:MSHelp="http://msdn.microsoft.com/mshelp">
    <command:details>
      <command:name>Get-Spn</command:name>
      <command:verb>Get</command:verb>
      <command:noun>Spn</command:noun>
      <maml:description>
        <maml:para>List Service Principal Name for an account</maml:para>
      </maml:description>
    </command:details>
    <maml:description>
      <maml:para>To view a list of the SPNs that a computer has registered with Active Directory from a command prompt, use the setspn -l hostname command, where hostname is the actual host name of the computer object that you want to query.</maml:para>
      <maml:para>For example, to list the SPNs of a computer named WS2003A, at the command prompt, type setspn -l S2003A, and then press ENTER.</maml:para>
    </maml:description>
    <command:syntax>
      <command:syntaxItem>
        <maml:name>Get-Spn</maml:name>
        <command:parameter required="false" variableLength="true" globbing="false" pipelineInput="False" position="1" aliases="none">
          <maml:name>AccountName</maml:name>
          <maml:description>
            <maml:para>The actual hostname of the object that you want to get</maml:para>
          </maml:description>
          <command:parameterValue required="true" variableLength="false">System.String</command:parameterValue>
          <dev:type>
            <maml:name>System.String</maml:name>
            <maml:uri />
          </dev:type>
          <dev:defaultValue>None</dev:defaultValue>
        </command:parameter>
        <command:parameter required="false" variableLength="true" globbing="false" pipelineInput="False" position="named" aliases="none">
          <maml:name>UserAccount</maml:name>
          <maml:description>
            <maml:para>A switch to test for SPN's against user objects. If not specified we default to computer objects.</maml:para>
          </maml:description>
          <dev:type>
            <maml:name>System.Management.Automation.SwitchParameter</maml:name>
            <maml:uri />
          </dev:type>
          <dev:defaultValue>False</dev:defaultValue>
        </command:parameter>
      </command:syntaxItem>
    </command:syntax>
    <command:parameters>
      <command:parameter required="false" variableLength="true" globbing="false" pipelineInput="False" position="1" aliases="none">
        <maml:name>AccountName</maml:name>
        <maml:description>
          <maml:para>The actual hostname of the object that you want to get</maml:para>
        </maml:description>
        <command:parameterValue required="true" variableLength="false">System.String</command:parameterValue>
        <dev:type>
          <maml:name>System.String</maml:name>
          <maml:uri />
        </dev:type>
        <dev:defaultValue>None</dev:defaultValue>
      </command:parameter>
      <command:parameter required="false" variableLength="true" globbing="false" pipelineInput="False" position="named" aliases="none">
        <maml:name>UserAccount</maml:name>
        <maml:description>
          <maml:para>A switch to test for SPN's against user objects. If not specified we default to computer objects.</maml:para>
        </maml:description>
        <command:parameterValue required="true" variableLength="false">System.Management.Automation.SwitchParameter</command:parameterValue>
        <dev:type>
          <maml:name>System.Management.Automation.SwitchParameter</maml:name>
          <maml:uri />
        </dev:type>
        <dev:defaultValue>False</dev:defaultValue>
      </command:parameter>
    </command:parameters>
    <command:inputTypes />
    <command:returnValues />
    <maml:alertSet>
      <maml:alert>
        <maml:para>FunctionName : Get-Spn Created by   : jspatton Date Coded   : 07/10/2013 15:07:12</maml:para>
      </maml:alert>
    </maml:alertSet>
    <command:examples>
      <command:example>
        <maml:title>-------------------------- EXAMPLE 1 --------------------------</maml:title>
        <dev:code>Get-Spn -AccountName cm12-test

Service           Name                  Hostname   SPN
-------           ----                  --------   ---
CmRcService       SERVER-01.company.com SERVER-01$ CmRcService/SERVER-01.company.com
CmRcService       SERVER-01             SERVER-01$ CmRcService/SERVER-01
TERMSRV           SERVER-01             SERVER-01$ TERMSRV/SERVER-01
TERMSRV           SERVER-01.company.com SERVER-01$ TERMSRV/SERVER-01.company.com
WSMAN             SERVER-01             SERVER-01$ WSMAN/SERVER-01
WSMAN             SERVER-01.company.com SERVER-01$ WSMAN/SERVER-01.company.com
RestrictedKrbHost SERVER-01             SERVER-01$ RestrictedKrbHost/SERVER-01
HOST              SERVER-01             SERVER-01$ HOST/SERVER-01
RestrictedKrbHost SERVER-01.company.com SERVER-01$ RestrictedKrbHost/SERVER-01.company.com
HOST              SERVER-01.company.com SERVER-01$ HOST/SERVER-01.company.com</dev:code>
        <dev:remarks>
          <maml:para>This example lists the SPN(s) of the given account</maml:para>
        </dev:remarks>
      </command:example>
      <command:example>
        <maml:title>-------------------------- EXAMPLE 2 --------------------------</maml:title>
        <dev:code>Get-Spn -AccountName Administrator -UserAccount

Service  Name                       Hostname      SPN
-------  ----                       --------      ---
MSSQLSvc SERVER-01.company.com:1433 Administrator MSSQLSvc/SERVER-01.company.com:1433</dev:code>
        <dev:remarks>
          <maml:para>This example shows using the -UserAccount switch</maml:para>
        </dev:remarks>
      </command:example>
    </command:examples>
    <command:relatedLinks>
      <maml:navigationLink>
        <maml:linkText>Online Version:</maml:linkText>
        <maml:uri>https://github.com/mod-posh/SpnLibrary/blob/main/docs/Get-Spn.md#get-spn</maml:uri>
      </maml:navigationLink>
      <maml:navigationLink>
        <maml:linkText>https://code.google.com/p/mod-posh/wiki/SpnLibrary#Get-Spn</maml:linkText>
        <maml:uri>https://code.google.com/p/mod-posh/wiki/SpnLibrary#Get-Spn</maml:uri>
      </maml:navigationLink>
      <maml:navigationLink>
        <maml:linkText>http://msdn.microsoft.com/en-us/library/vstudio/system.servicemodel.configuration.identityelement.serviceprincipalname(v=vs.100).aspx</maml:linkText>
        <maml:uri>http://msdn.microsoft.com/en-us/library/vstudio/system.servicemodel.configuration.identityelement.serviceprincipalname(v=vs.100).aspx</maml:uri>
      </maml:navigationLink>
      <maml:navigationLink>
        <maml:linkText>http://technet.microsoft.com/en-us/library/cc731241(WS.10).aspx</maml:linkText>
        <maml:uri>http://technet.microsoft.com/en-us/library/cc731241(WS.10).aspx</maml:uri>
      </maml:navigationLink>
    </command:relatedLinks>
  </command:command>
  <command:command xmlns:maml="http://schemas.microsoft.com/maml/2004/10" xmlns:command="http://schemas.microsoft.com/maml/dev/command/2004/10" xmlns:dev="http://schemas.microsoft.com/maml/dev/2004/10" xmlns:MSHelp="http://msdn.microsoft.com/mshelp">
    <command:details>
      <command:name>Remove-Spn</command:name>
      <command:verb>Remove</command:verb>
      <command:noun>Spn</command:noun>
      <maml:description>
        <maml:para>Removes a Service Principal Name from an account</maml:para>
      </maml:description>
    </command:details>
    <maml:description>
      <maml:para>To remove an SPN, use the setspn -d service/namehostname command at a command prompt, where service/name is the SPN that is to be removed and hostname is the actual host name of the computer object that you want to update.</maml:para>
      <maml:para>For example, if the SPN for the Web service on a computer named Server3.contoso.com is incorrect, you can remove it by typing setspn -d http/server3.contoso.com server3, and then pressing ENTER.</maml:para>
    </maml:description>
    <command:syntax>
      <command:syntaxItem>
        <maml:name>Remove-Spn</maml:name>
        <command:parameter required="false" variableLength="true" globbing="false" pipelineInput="False" position="1" aliases="none">
          <maml:name>Service</maml:name>
          <maml:description>
            <maml:para>The name of the service to add</maml:para>
          </maml:description>
          <command:parameterValue required="true" variableLength="false">System.String</command:parameterValue>
          <dev:type>
            <maml:name>System.String</maml:name>
            <maml:uri />
          </dev:type>
          <dev:defaultValue>None</dev:defaultValue>
        </command:parameter>
        <command:parameter required="false" variableLength="true" globbing="false" pipelineInput="False" position="2" aliases="none">
          <maml:name>Name</maml:name>
          <maml:description>
            <maml:para>The name that will be associated with this service on this account</maml:para>
          </maml:description>
          <command:parameterValue required="true" variableLength="false">System.String</command:parameterValue>
          <dev:type>
            <maml:name>System.String</maml:name>
            <maml:uri />
          </dev:type>
          <dev:defaultValue>None</dev:defaultValue>
        </command:parameter>
        <command:parameter required="false" variableLength="true" globbing="false" pipelineInput="False" position="3" aliases="none">
          <maml:name>AccountName</maml:name>
          <maml:description>
            <maml:para>The actual hostname of the computer object that you want to update, if blank we default to the value of parameter Namem.</maml:para>
          </maml:description>
          <command:parameterValue required="true" variableLength="false">System.String</command:parameterValue>
          <dev:type>
            <maml:name>System.String</maml:name>
            <maml:uri />
          </dev:type>
          <dev:defaultValue>$Name</dev:defaultValue>
        </command:parameter>
        <command:parameter required="false" variableLength="true" globbing="false" pipelineInput="False" position="named" aliases="none">
          <maml:name>UserAccount</maml:name>
          <maml:description>
            <maml:para>A switch to add SPN's to a user object</maml:para>
          </maml:description>
          <dev:type>
            <maml:name>System.Management.Automation.SwitchParameter</maml:name>
            <maml:uri />
          </dev:type>
          <dev:defaultValue>False</dev:defaultValue>
        </command:parameter>
      </command:syntaxItem>
    </command:syntax>
    <command:parameters>
      <command:parameter required="false" variableLength="true" globbing="false" pipelineInput="False" position="3" aliases="none">
        <maml:name>AccountName</maml:name>
        <maml:description>
          <maml:para>The actual hostname of the computer object that you want to update, if blank we default to the value of parameter Namem.</maml:para>
        </maml:description>
        <command:parameterValue required="true" variableLength="false">System.String</command:parameterValue>
        <dev:type>
          <maml:name>System.String</maml:name>
          <maml:uri />
        </dev:type>
        <dev:defaultValue>$Name</dev:defaultValue>
      </command:parameter>
      <command:parameter required="false" variableLength="true" globbing="false" pipelineInput="False" position="2" aliases="none">
        <maml:name>Name</maml:name>
        <maml:description>
          <maml:para>The name that will be associated with this service on this account</maml:para>
        </maml:description>
        <command:parameterValue required="true" variableLength="false">System.String</command:parameterValue>
        <dev:type>
          <maml:name>System.String</maml:name>
          <maml:uri />
        </dev:type>
        <dev:defaultValue>None</dev:defaultValue>
      </command:parameter>
      <command:parameter required="false" variableLength="true" globbing="false" pipelineInput="False" position="1" aliases="none">
        <maml:name>Service</maml:name>
        <maml:description>
          <maml:para>The name of the service to add</maml:para>
        </maml:description>
        <command:parameterValue required="true" variableLength="false">System.String</command:parameterValue>
        <dev:type>
          <maml:name>System.String</maml:name>
          <maml:uri />
        </dev:type>
        <dev:defaultValue>None</dev:defaultValue>
      </command:parameter>
      <command:parameter required="false" variableLength="true" globbing="false" pipelineInput="False" position="named" aliases="none">
        <maml:name>UserAccount</maml:name>
        <maml:description>
          <maml:para>A switch to add SPN's to a user object</maml:para>
        </maml:description>
        <command:parameterValue required="true" variableLength="false">System.Management.Automation.SwitchParameter</command:parameterValue>
        <dev:type>
          <maml:name>System.Management.Automation.SwitchParameter</maml:name>
          <maml:uri />
        </dev:type>
        <dev:defaultValue>False</dev:defaultValue>
      </command:parameter>
    </command:parameters>
    <command:inputTypes />
    <command:returnValues />
    <maml:alertSet>
      <maml:alert>
        <maml:para>FunctionName : Remove-Spn Created by   : jspatton Date Coded   : 07/10/2013 15:07:12</maml:para>
      </maml:alert>
    </maml:alertSet>
    <command:examples>
      <command:example>
        <maml:title>-------------------------- EXAMPLE 1 --------------------------</maml:title>
        <dev:code>Remove-Spn -Service foo -Name server-01

Service           Name                  Hostname  SPN
-------           ----                  --------  ---
HOST              server-01.company.com server-01 HOST/server-01.company.com
RestrictedKrbHost server-01.company.com server-01 RestrictedKrbHost/server-01.company.com
RestrictedKrbHost server-01             server-01 RestrictedKrbHost/server-01
WSMAN             server-01.company.com server-01 WSMAN/server-01.company.com
WSMAN             server-01             server-01 WSMAN/server-01
TERMSRV           server-01.company.com server-01 TERMSRV/server-01.company.com
TERMSRV           server-01             server-01 TERMSRV/server-01
CmRcService       server-01             server-01 CmRcService/server-01
CmRcService       server-01.company.com server-01 CmRcService/server-01.company.com
HOST              server-01             server-01 HOST/server-01</dev:code>
        <dev:remarks>
          <maml:para>This example shows how to remove an SPN from an account.</maml:para>
        </dev:remarks>
      </command:example>
    </command:examples>
    <command:relatedLinks>
      <maml:navigationLink>
        <maml:linkText>Online Version:</maml:linkText>
        <maml:uri>https://github.com/mod-posh/SpnLibrary/blob/main/docs/Remove-Spn.md#remove-spn</maml:uri>
      </maml:navigationLink>
      <maml:navigationLink>
        <maml:linkText>https://code.google.com/p/mod-posh/wiki/SpnLibrary#Remove-Spn</maml:linkText>
        <maml:uri>https://code.google.com/p/mod-posh/wiki/SpnLibrary#Remove-Spn</maml:uri>
      </maml:navigationLink>
      <maml:navigationLink>
        <maml:linkText>http://technet.microsoft.com/en-us/library/cc731241(WS.10).aspx</maml:linkText>
        <maml:uri>http://technet.microsoft.com/en-us/library/cc731241(WS.10).aspx</maml:uri>
      </maml:navigationLink>
    </command:relatedLinks>
  </command:command>
  <command:command xmlns:maml="http://schemas.microsoft.com/maml/2004/10" xmlns:command="http://schemas.microsoft.com/maml/dev/command/2004/10" xmlns:dev="http://schemas.microsoft.com/maml/dev/2004/10" xmlns:MSHelp="http://msdn.microsoft.com/mshelp">
    <command:details>
      <command:name>Reset-Spn</command:name>
      <command:verb>Reset</command:verb>
      <command:noun>Spn</command:noun>
      <maml:description>
        <maml:para>Reset the SPN for a given account</maml:para>
      </maml:description>
    </command:details>
    <maml:description>
      <maml:para>If the SPNs that you see for your server display what seems to be incorrect names; consider resetting the computer to use the default SPNs.</maml:para>
      <maml:para>To reset the default SPN values, use the setspn -r hostname command at a command prompt, where hostname is the actual host name of the computer object that you want to update.</maml:para>
      <maml:para>For example, to reset the SPNs of a computer named server2, type setspn -r server2, and then press ENTER. You receive confirmation if the reset is successful. To verify that the SPNs are displayed correctly, type setspn -l server2, and then press ENTER.</maml:para>
    </maml:description>
    <command:syntax>
      <command:syntaxItem>
        <maml:name>Reset-Spn</maml:name>
        <command:parameter required="false" variableLength="true" globbing="false" pipelineInput="False" position="1" aliases="none">
          <maml:name>AccountName</maml:name>
          <maml:description>
            <maml:para>The actual hostname of the computer object that you want to update, if blank we default to the value of parameter Namem.</maml:para>
          </maml:description>
          <command:parameterValue required="true" variableLength="false">System.String</command:parameterValue>
          <dev:type>
            <maml:name>System.String</maml:name>
            <maml:uri />
          </dev:type>
          <dev:defaultValue>None</dev:defaultValue>
        </command:parameter>
      </command:syntaxItem>
    </command:syntax>
    <command:parameters>
      <command:parameter required="false" variableLength="true" globbing="false" pipelineInput="False" position="1" aliases="none">
        <maml:name>AccountName</maml:name>
        <maml:description>
          <maml:para>The actual hostname of the computer object that you want to update, if blank we default to the value of parameter Namem.</maml:para>
        </maml:description>
        <command:parameterValue required="true" variableLength="false">System.String</command:parameterValue>
        <dev:type>
          <maml:name>System.String</maml:name>
          <maml:uri />
        </dev:type>
        <dev:defaultValue>None</dev:defaultValue>
      </command:parameter>
    </command:parameters>
    <command:inputTypes />
    <command:returnValues />
    <maml:alertSet>
      <maml:alert>
        <maml:para>FunctionName : Reset-Spn Created by   : jspatton Date Coded   : 07/10/2013 15:07:12</maml:para>
      </maml:alert>
    </maml:alertSet>
    <command:examples>
      <command:example>
        <maml:title>-------------------------- EXAMPLE 1 --------------------------</maml:title>
        <dev:code>Reset-Spn -AccountName server-01

Service           Name                  Hostname  SPN
-------           ----                  --------  ---
HOST              server-01.company.com server-01 HOST/server-01.company.com
HOST              server-01             server-01 HOST/server-01
RestrictedKrbHost server-01.company.com server-01 RestrictedKrbHost/server-01.company.com
RestrictedKrbHost server-01             server-01 RestrictedKrbHost/server-01
WSMAN             server-01.company.com server-01 WSMAN/server-01.company.com
WSMAN             server-01             server-01 WSMAN/server-01
TERMSRV           server-01.company.com server-01 TERMSRV/server-01.company.com
TERMSRV           server-01             server-01 TERMSRV/server-01
CmRcService       server-01             server-01 CmRcService/server-01
CmRcService       server-01.company.com server-01 CmRcService/server-01.company.com</dev:code>
        <dev:remarks>
          <maml:para>This example shows how to reset the spn of a given account. This would be used if you were experiencing issues with service account logins. See the Link section for relevant URL's.</maml:para>
        </dev:remarks>
      </command:example>
    </command:examples>
    <command:relatedLinks>
      <maml:navigationLink>
        <maml:linkText>Online Version:</maml:linkText>
        <maml:uri>https://github.com/mod-posh/SpnLibrary/blob/main/docs/Reset-Spn.md#reset-spn</maml:uri>
      </maml:navigationLink>
      <maml:navigationLink>
        <maml:linkText>https://code.google.com/p/mod-posh/wiki/SpnLibrary#Reset-Spn</maml:linkText>
        <maml:uri>https://code.google.com/p/mod-posh/wiki/SpnLibrary#Reset-Spn</maml:uri>
      </maml:navigationLink>
      <maml:navigationLink>
        <maml:linkText>http://technet.microsoft.com/en-us/library/cc731241(WS.10).aspx</maml:linkText>
        <maml:uri>http://technet.microsoft.com/en-us/library/cc731241(WS.10).aspx</maml:uri>
      </maml:navigationLink>
      <maml:navigationLink>
        <maml:linkText>http://technet.microsoft.com/en-us/library/579246c8-2e32-4282-bce7-3209d1ea8bf1</maml:linkText>
        <maml:uri>http://technet.microsoft.com/en-us/library/579246c8-2e32-4282-bce7-3209d1ea8bf1</maml:uri>
      </maml:navigationLink>
    </command:relatedLinks>
  </command:command>
</helpItems>